Turkish,Word
terk,ABANDON
terk,ABANDONED
abandone,ABANDONING
terk,ABANDONMENT
terk,ABANDONMENTS
terk,ABANDONS
çekil,ABDICATED
çekil,ABDICATES
feragat,ABDICATING
çekil,ABDICATION
çekil,ABDICATIONS
sapma,ABERRANT
sapma,ABERRATION
sapma,ABERRATIONAL
aberasyon,ABERRATIONS
azmettir,ABETTING
anormal,ABNORMAL
anormal,ABNORMALITIES
anormal,ABNORMALITY
anormal,ABNORMALLY
kaldır,ABOLISH
kaldır,ABOLISHED
kaldır,ABOLISHES
kaldır,ABOLISHING
iptal,ABROGATE
iptal,ABROGATED
fesih,ABROGATES
feshet,ABROGATING
feshet,ABROGATION
feshet,ABROGATIONS
ani,ABRUPT
ani,ABRUPTLY
ani,ABRUPTNESS
yokluk,ABSENCE
yokluk,ABSENCES
yokluk,ABSENTEEISM
taciz,ABUSE
taciz,ABUSED
ihlal,ABUSES
ihlal,ABUSING
hakaret,ABUSIVE
ihlal,ABUSIVELY
ihlal,ABUSIVENESS
kaza,ACCIDENT
kaza,ACCIDENTAL
kaza,ACCIDENTALLY
kaza,ACCIDENTS
suçlama,ACCUSATION
zan,ACCUSATIONS
suçlama,ACCUSE
sanık,ACCUSED
zanlı,ACCUSES
suçlayan,ACCUSING
razı,ACQUIESCE
razı,ACQUIESCED
razı,ACQUIESCES
razı,ACQUIESCING
ibra,ACQUIT
ibra,ACQUITS
ibra,ACQUITTAL
beraat,ACQUITTALS
beraat,ACQUITTED
beraat,ACQUITTING
tahrif,ADULTERATE
mağşuş,ADULTERATED
tahrif,ADULTERATING
hile,ADULTERATION
tağşiş,ADULTERATIONS
çelişkili,ADVERSARIAL
çelişki,ADVERSARIES
hasım,ADVERSARY
olumsuz,ADVERSE
olumsuz,ADVERSELY
olumsuz,ADVERSITIES
olumsuz,ADVERSITY
,AFTERMATH
,AFTERMATHS
karşı,AGAINST
ağırlaş,AGGRAVATE
ağırlaş,AGGRAVATED
ağırlaş,AGGRAVATES
ağırlaş,AGGRAVATING
ağırlaş,AGGRAVATION
ağırlaş,AGGRAVATIONS
uyarı,ALERTED
ihtar,ALERTING
yabancılaş,ALIENATE
yabancılaş,ALIENATED
yabancılaş,ALIENATES
yabancılaş,ALIENATING
yabancılaş,ALIENATION
yabancılaş,ALIENATIONS
iddia,ALLEGATION
iddia,ALLEGATIONS
iddia,ALLEGE
iddia,ALLEGED
iddia,ALLEGEDLY
iddia,ALLEGES
iddia,ALLEGING
rahatsız,ANNOY
sıkıntı,ANNOYANCE
sıkıntı,ANNOYANCES
rencide,ANNOYED
sıkıntı,ANNOYING
sıkıntı,ANNOYS
iptal,ANNUL
iptal,ANNULLED
iptal,ANNULLING
iptal,ANNULMENT
geçersiz,ANNULMENTS
geçersiz,ANNULS
anomali,ANOMALIES
anormal,ANOMALOUS
anomali,ANOMALOUSLY
anomali,ANOMALY
,ANTICOMPETITIVE
antitröst,ANTITRUST
tartış,ARGUE
tartışma,ARGUED
tartışma,ARGUING
tartışma,ARGUMENT
tartışmacı,ARGUMENTATIVE
argüman,ARGUMENTS
borç,ARREARAGE
borç,ARREARAGES
borç,ARREARS
tutuk,ARREST
tutuk,ARRESTED
tutuk,ARRESTS
suni,ARTIFICIALLY
saldır,ASSAULT
saldır,ASSAULTED
saldırı,ASSAULTING
saldırı,ASSAULTS
iddia,ASSERTIONS
yıprat,ATTRITION
,AVERSELY
sahteci,BACKDATING
kötü,BAD
kurtar,BAIL
kurtar,BAILOUT
tereddüt,BALK
tereddüt,BALKED
iflas,BANKRUPT
iflas,BANKRUPTCIES
iflas,BANKRUPTCY
iflas,BANKRUPTED
iflas,BANKRUPTING
iflas,BANKRUPTS
tahdit,BANS
yasak,BARRED
bariyer,BARRIER
engel,BARRIERS
darboğaz,BOTTLENECK
darboğaz,BOTTLENECKS
boykot,BOYCOTT
boykot,BOYCOTTED
boykot,BOYCOTTING
boykot,BOYCOTTS
ihlal,BREACH
ihlal,BREACHED
ihlal,BREACHES
ihlal,BREACHING
arıza,BREAK
bozul,BREAKAGE
arıza,BREAKAGES
bozuk,BREAKDOWN
arıza,BREAKDOWNS
arıza,BREAKING
bozma,BREAKS
rüşvet,BRIBE
rüşvet,BRIBED
rüşvet,BRIBERIES
irtikap,BRIBERY
rüşvet,BRIBES
yolsuz,BRIBING
,BRIDGE
bozuk,BROKEN
yük,BURDEN
yük,BURDENED
zahmet,BURDENING
zahmet,BURDENS
külfet,BURDENSOME
yakılan,BURNED
felaket,CALAMITIES
felaket,CALAMITOUS
musibet,CALAMITY
iptal,CANCEL
iptal,CANCELED
iptal,CANCELING
iptal,CANCELLATION
iptal,CANCELLATIONS
iptal,CANCELLED
iptal,CANCELLING
iptal,CANCELS
dikkatsiz,CARELESS
dikkatsiz,CARELESSLY
dikkatsiz,CARELESSNESS
afet,CATASTROPHE
afet,CATASTROPHES
afet,CATASTROPHIC
afet,CATASTROPHICALLY
uyarı,CAUTION
uyarı,CAUTIONARY
uyarı,CAUTIONED
uyarı,CAUTIONING
uyarı,CAUTIONS
durdur,CEASE
durdur,CEASED
durdur,CEASES
durdur,CEASING
kına,CENSURE
kına,CENSURED
kına,CENSURES
kına,CENSURING
zorluk,CHALLENGE
zorluk,CHALLENGED
zorluk,CHALLENGES
zorluk,CHALLENGING
zarar,CHARGEOFFS
dolaşma,CIRCUMVENT
dolaşma,CIRCUMVENTED
dolaşma,CIRCUMVENTING
dolaşma,CIRCUMVENTION
dolaşma,CIRCUMVENTIONS
dolaşma,CIRCUMVENTS
talep,CLAIMING
alacak,CLAIMS
,CLAWBACK
kapalı,CLOSED
tasfiye,CLOSEOUT
tasfiye,CLOSEOUTS
kapanış,CLOSING
kapan,CLOSINGS
kapama,CLOSURE
bitir,CLOSURES
zorlama,COERCE
zorla,COERCED
icbar,COERCES
mecbur,COERCING
zorlama,COERCION
zorlayıcı,COERCIVE
çök,COLLAPSE
çökmüş,COLLAPSED
çök,COLLAPSES
çök,COLLAPSING
çarpış,COLLISION
çatış,COLLISIONS
entrika,COLLUDE
entrika,COLLUDED
entrika,COLLUDES
entrika,COLLUDING
gizli,COLLUSION
,COLLUSIONS
,COLLUSIVE
şikayet,COMPLAIN
şikayet,COMPLAINED
şikayet,COMPLAINING
şikayet,COMPLAINS
itiraz,COMPLAINT
itiraz,COMPLAINTS
karmaşık,COMPLICATE
karmaşık,COMPLICATED
karmaşık,COMPLICATES
komplikasyon,COMPLICATING
komplikasyon,COMPLICATION
komplikasyon,COMPLICATIONS
zorla,COMPULSION
gizli,CONCEALED
gizli,CONCEALING
teslim,CONCEDE
ikrar,CONCEDED
itiraf,CONCEDES
kabul,CONCEDING
endişe,CONCERN
endişe,CONCERNED
endişe,CONCERNS
uzlaş,CONCILIATING
uzlaştır,CONCILIATION
uzlaştır,CONCILIATIONS
kına,CONDEMN
kınama,CONDEMNATION
kınama,CONDEMNATIONS
kınama,CONDEMNED
ayıp,CONDEMNING
ayıp,CONDEMNS
affet,CONDONE
af,CONDONED
itiraf,CONFESS
itiraf,CONFESSED
itiraf,CONFESSES
itiraf,CONFESSING
itiraf,CONFESSION
haps,CONFINE
hapis,CONFINED
hapis,CONFINEMENT
hapis,CONFINEMENTS
sınır,CONFINES
tahdit,CONFINING
toplat,CONFISCATE
el,CONFISCATED
müsadere,CONFISCATES
müsadere,CONFISCATING
müsadere,CONFISCATION
müsadere,CONFISCATIONS
çatış,CONFLICT
çatış,CONFLICTED
çatış,CONFLICTING
çatış,CONFLICTS
hasmane,CONFRONT
karşılaştır,CONFRONTATION
çatışmacı,CONFRONTATIONAL
yüzleştir,CONFRONTATIONS
,CONFRONTED
,CONFRONTING
,CONFRONTS
belirsiz,CONFUSE
müphem,CONFUSED
karıştır,CONFUSES
muğlak,CONFUSING
karıştır,CONFUSINGLY
yanıl,CONFUSION
komplo,CONSPIRACIES
komplo,CONSPIRACY
komplo,CONSPIRATOR
komplo,CONSPIRATORIAL
komplo,CONSPIRATORS
komplo,CONSPIRE
komplo,CONSPIRED
komplo,CONSPIRES
komplo,CONSPIRING
itaatsiz,CONTEMPT
iddia,CONTEND
iddia,CONTENDED
iddia,CONTENDING
iddia,CONTENDS
çekiş,CONTENTION
münakaşa,CONTENTIONS
,CONTENTIOUS
,CONTENTIOUSLY
tartış,CONTESTED
itiraz,CONTESTING
daral,CONTRACTION
küçül,CONTRACTIONS
çelişki,CONTRADICT
çelişki,CONTRADICTED
çelişki,CONTRADICTING
çelişki,CONTRADICTION
çelişki,CONTRADICTIONS
çelişki,CONTRADICTORY
çelişki,CONTRADICTS
aks,CONTRARY
ihtilaf,CONTROVERSIAL
ihtilaf,CONTROVERSIES
ihtilaf,CONTROVERSY
hüküm,CONVICT
mahkum,CONVICTED
mahkum,CONVICTING
mahkum,CONVICTION
mahkumiyet,CONVICTIONS
düzelt,CORRECTED
düzelt,CORRECTING
düzelt,CORRECTION
düzelt,CORRECTIONS
,CORRECTS
yolsuz,CORRUPT
yolsuz,CORRUPTED
yolsuz,CORRUPTING
yolsuz,CORRUPTION
yolsuz,CORRUPTIONS
yolsuz,CORRUPTLY
yolsuz,CORRUPTNESS
pahalı,COSTLY
karşı,COUNTERCLAIM
,COUNTERCLAIMED
,COUNTERCLAIMING
,COUNTERCLAIMS
sahte,COUNTERFEIT
sahte,COUNTERFEITED
kalpazan,COUNTERFEITER
kalpazan,COUNTERFEITERS
sahtecilik,COUNTERFEITING
sahte,COUNTERFEITS
önlem,COUNTERMEASURE
önlem,COUNTERMEASURES
suç,CRIME
suç,CRIMES
suç,CRIMINAL
suç,CRIMINALLY
suç,CRIMINALS
kriz,CRISES
kriz,CRISIS
kritik,CRITICAL
kritik,CRITICALLY
eleştiri,CRITICISM
eleştiri,CRITICISMS
eleştiri,CRITICIZE
eleştiri,CRITICIZED
eleştiri,CRITICIZES
eleştiri,CRITICIZING
kesin,CRUCIAL
kati,CRUCIALLY
kusur,CULPABILITY
kusur,CULPABLE
kusur,CULPABLY
zahmet,CUMBERSOME
kısma,CURTAIL
kısma,CURTAILED
kısma,CURTAILING
kısma,CURTAILMENT
kısma,CURTAILMENTS
kısma,CURTAILS
kes,CUT
azalt,CUTBACK
azalt,CUTBACKS
saldırı,CYBERATTACK
saldırı,CYBERATTACKS
saldırı,CYBERBULLYING
suç,CYBERCRIME
suç,CYBERCRIMES
suçlu,CYBERCRIMINAL
suçlu,CYBERCRIMINALS
hasar,DAMAGE
hasarlı,DAMAGED
zarar,DAMAGES
zararlı,DAMAGING
hafiflet,DAMPEN
hafiflet,DAMPENED
tehlike,DANGER
tehlike,DANGEROUS
tehlike,DANGEROUSLY
tehlike,DANGERS
çıkmaz,DEADLOCK
çıkmaz,DEADLOCKED
çıkmaz,DEADLOCKING
çıkmaz,DEADLOCKS
engel,DEADWEIGHT
engel,DEADWEIGHTS
mani,DEBARMENT
önleme,DEBARMENTS
men,DEBARRED
merhum,DECEASED
aldat,DECEIT
dolandır,DECEITFUL
aldatıcı,DECEITFULNESS
aldat,DECEIVE
dolandır,DECEIVED
dolandır,DECEIVES
dolandır,DECEIVING
,DECEPTION
,DECEPTIONS
,DECEPTIVE
,DECEPTIVELY
ret,DECLINE
red,DECLINED
azal,DECLINES
düş,DECLINING
tahrif,DEFACE
tahrif,DEFACED
tahrif,DEFACEMENT
hakaret,DEFAMATION
hakaret,DEFAMATIONS
hakaret,DEFAMATORY
iftira,DEFAME
iftirada,DEFAMED
karala,DEFAMES
tahkir,DEFAMING
iflas,DEFAULT
iflas,DEFAULTED
iflas,DEFAULTING
iflas,DEFAULTS
yenil,DEFEAT
mağlup,DEFEATED
yenil,DEFEATING
yenil,DEFEATS
hata,DEFECT
arıza,DEFECTIVE
kusur,DEFECTS
savun,DEFEND
müdafi,DEFENDANT
davalı,DEFENDANTS
savun,DEFENDED
müdafaa,DEFENDING
,DEFENDS
defansif,DEFENSIVE
ertele,DEFER
eksik,DEFICIENCIES
eksik,DEFICIENCY
eksik,DEFICIENT
noksan,DEFICITS
dolandır,DEFRAUD
dolandır,DEFRAUDED
dolandır,DEFRAUDING
dolandır,DEFRAUDS
geçersiz,DEFUNCT
bozul,DEGRADATION
bozul,DEGRADATIONS
bozul,DEGRADE
bozuk,DEGRADED
,DEGRADES
,DEGRADING
gecik,DELAY
gecik,DELAYED
gecik,DELAYING
gecik,DELAYS
zarar,DELETERIOUS
kasıt,DELIBERATE
kasıt,DELIBERATED
kasten,DELIBERATELY
temerrüt,DELINQUENCIES
temerrüd,DELINQUENCY
batık,DELINQUENT
batık,DELINQUENTLY
batık,DELINQUENTS
deliste,DELIST
deliste,DELISTED
deliste,DELISTING
deliste,DELISTS
intikal,DEMISE
intikal,DEMISED
intikal,DEMISES
intikal,DEMISING
yık,DEMOLISH
yık,DEMOLISHED
yık,DEMOLISHES
yık,DEMOLISHING
yıkım,DEMOLITION
yıkım,DEMOLITIONS
tenzil,DEMOTE
tenzil,DEMOTED
tenzil,DEMOTES
tenzil,DEMOTING
tenzil,DEMOTION
tenzil,DEMOTIONS
inkar,DENIAL
inkar,DENIALS
inkar,DENIED
inkar,DENIES
kötüle,DENIGRATE
kötüle,DENIGRATED
kötüle,DENIGRATES
kötüle,DENIGRATING
kötüle,DENIGRATION
red,DENY
red,DENYING
,DEPLETE
,DEPLETED
,DEPLETES
,DEPLETING
,DEPLETION
,DEPLETIONS
muhalefet,DEPRECATION
baskı,DEPRESS
baskı,DEPRESSED
baskı,DEPRESSES
baskı,DEPRESSING
yoksun,DEPRIVATION
yoksun,DEPRIVE
yoksun,DEPRIVED
mahrum,DEPRIVES
mahrum,DEPRIVING
sahipsiz,DERELICT
sahipsizlik,DERELICTION
küçültücü,DEROGATORY
istikrarsız,DESTABILIZATION
istikrarsız,DESTABILIZE
istikrarsız,DESTABILIZED
istikrarsız,DESTABILIZING
tahrip,DESTROY
tahrip,DESTROYED
tahrip,DESTROYING
tahrip,DESTROYS
imha,DESTRUCTION
yıkıcı,DESTRUCTIVE
alıkoy,DETAIN
alıkoy,DETAINED
gözaltı,DETENTION
gözaltı,DETENTIONS
caydır,DETER
gerile,DETERIORATE
gerile,DETERIORATED
gerile,DETERIORATES
gerile,DETERIORATING
gerile,DETERIORATION
gerile,DETERIORATIONS
caydır,DETERRED
caydır,DETERRENCE
caydır,DETERRENCES
caydır,DETERRENT
caydır,DETERRENTS
caydır,DETERRING
caydır,DETERS
kötüle,DETRACT
kötüle,DETRACTED
kötüle,DETRACTING
ziyan,DETRIMENT
ziyan,DETRIMENTAL
ziyan,DETRIMENTALLY
ziyan,DETRIMENTS
devalüe,DEVALUE
devalüe,DEVALUED
devalüe,DEVALUES
devalüe,DEVALUING
mahvet,DEVASTATE
mahvet,DEVASTATED
mahvet,DEVASTATING
mahvet,DEVASTATION
sapma,DEVIATE
sapma,DEVIATED
sapma,DEVIATES
sapma,DEVIATING
sapma,DEVIATION
sapma,DEVIATIONS
devret,DEVOLVE
devret,DEVOLVED
devret,DEVOLVES
devret,DEVOLVING
zor,DIFFICULT
güçlük,DIFFICULTIES
güçlük,DIFFICULTLY
zorluk,DIFFICULTY
azalt,DIMINISH
azalt,DIMINISHED
azalt,DIMINISHES
azalan,DIMINISHING
azalma,DIMINUTION
dezavantaj,DISADVANTAGE
dezavantaj,DISADVANTAGED
dezavantaj,DISADVANTAGEOUS
dezavantaj,DISADVANTAGES
ayrılma,DISAFFILIATION
ihtilaf,DISAGREE
zıt,DISAGREEABLE
,DISAGREED
,DISAGREEING
anlaşmazlık,DISAGREEMENT
anlaşmazlık,DISAGREEMENTS
anlaşmazlık,DISAGREES
mani,DISALLOW
men,DISALLOWANCE
men,DISALLOWANCES
men,DISALLOWED
men,DISALLOWING
men,DISALLOWS
kaybol,DISAPPEAR
kaybol,DISAPPEARANCE
kaybol,DISAPPEARANCES
kaybol,DISAPPEARED
kaybol,DISAPPEARING
kaybol,DISAPPEARS
kırık,DISAPPOINT
kırık,DISAPPOINTED
kırık,DISAPPOINTING
kırık,DISAPPOINTINGLY
kırık,DISAPPOINTMENT
kırık,DISAPPOINTMENTS
kırık,DISAPPOINTS
onaylamama,DISAPPROVAL
onaylamama,DISAPPROVALS
onaylamama,DISAPPROVE
onaylamama,DISAPPROVED
onaylamama,DISAPPROVES
onaylamama,DISAPPROVING
disassociates,DISASSOCIATES
ayrılma,DISASSOCIATING
ayrılma,DISASSOCIATION
ayrılma,DISASSOCIATIONS
afet,DISASTER
afet,DISASTERS
feci,DISASTROUS
feci,DISASTROUSLY
tanımama,DISAVOW
tanımama,DISAVOWAL
tanımama,DISAVOWED
tanımama,DISAVOWING
tanımama,DISAVOWS
disiplin,DISCIPLINARY
feragat,DISCLAIM
feragat,DISCLAIMED
feragatname,DISCLAIMER
feragatname,DISCLAIMERS
feragat,DISCLAIMING
feragat,DISCLAIMS
durdur,DISCONTINUANCE
durdur,DISCONTINUANCES
durdur,DISCONTINUATION
durdur,DISCONTINUATIONS
durdur,DISCONTINUE
durdur,DISCONTINUED
durdur,DISCONTINUES
durdur,DISCONTINUING
vazgeçir,DISCOURAGE
vazgeçir,DISCOURAGED
vazgeçir,DISCOURAGES
vazgeçir,DISCOURAGING
kötüle,DISCREDIT
kötüle,DISCREDITED
kötüle,DISCREDITING
kötüle,DISCREDITS
tutarsız,DISCREPANCIES
tutarsız,DISCREPANCY
itibarsız,DISFAVOR
itibarsız,DISFAVORED
itibarsız,DISFAVORING
itibarsız,DISFAVORS
iade,DISGORGE
iade,DISGORGED
iade,DISGORGEMENT
iade,DISGORGEMENTS
iade,DISGORGES
iade,DISGORGING
rezalet,DISGRACE
utanç,DISGRACEFUL
utanç,DISGRACEFULLY
sahtekar,DISHONEST
sahtekar,DISHONESTLY
sahtekar,DISHONESTY
onursuz,DISHONOR
onursuz,DISHONORABLE
onursuz,DISHONORABLY
onursuz,DISHONORED
onursuz,DISHONORING
onursuz,DISHONORS
,DISINCENTIVES
ilgisiz,DISINTERESTED
ilgisiz,DISINTERESTEDLY
ilgisiz,DISINTERESTEDNESS
sadakatsiz,DISLOYAL
sadakatsiz,DISLOYALLY
sadakatsiz,DISLOYALTY
feci,DISMAL
feci,DISMALLY
azl,DISMISS
azl,DISMISSAL
azl,DISMISSALS
azl,DISMISSED
azl,DISMISSES
azl,DISMISSING
düzensiz,DISORDERLY
kötüle,DISPARAGE
kötüle,DISPARAGED
kötüle,DISPARAGEMENT
kötüle,DISPARAGEMENTS
kötüle,DISPARAGES
kötüle,DISPARAGING
kötüle,DISPARAGINGLY
eşitsizlik,DISPARITIES
eşitsizlik,DISPARITY
nakl,DISPLACE
nakl,DISPLACED
nakil,DISPLACEMENT
nakil,DISPLACEMENTS
nakl,DISPLACES
nakl,DISPLACING
kurtul,DISPOSE
zapt,DISPOSSESS
zapt,DISPOSSESSED
zapt,DISPOSSESSES
zapt,DISPOSSESSING
oransız,DISPROPORTION
orantısız,DISPROPORTIONAL
orantısız,DISPROPORTIONATE
orantısız,DISPROPORTIONATELY
ihtilaf,DISPUTE
tartışmalı,DISPUTED
anlaşmazlık,DISPUTES
ihtilaf,DISPUTING
diskalifiye,DISQUALIFICATION
diskalifiye,DISQUALIFICATIONS
diskalifiye,DISQUALIFIED
diskalifiye,DISQUALIFIES
diskalifiye,DISQUALIFY
diskalifiye,DISQUALIFYING
gözardı,DISREGARD
gözardı,DISREGARDED
gözardı,DISREGARDING
gözardı,DISREGARDS
itibarsız,DISREPUTABLE
itibarsız,DISREPUTE
bozma,DISRUPT
bozma,DISRUPTED
bozarak,DISRUPTING
kesinti,DISRUPTION
kesinti,DISRUPTIONS
yıkıcı,DISRUPTIVE
bozma,DISRUPTS
memnuniyetsizlik,DISSATISFACTION
hoşnutsuz,DISSATISFIED
muhalefet,DISSENT
muhalif,DISSENTED
muhalif,DISSENTER
muhalif,DISSENTERS
muhalif,DISSENTING
muhalif,DISSENTS
uyuşmaz,DISSIDENT
uyuşmaz,DISSIDENTS
fesih,DISSOLUTION
fesih,DISSOLUTIONS
çarpıt,DISTORT
çarpıt,DISTORTED
çarpıt,DISTORTING
çarpıt,DISTORTION
çarpıt,DISTORTIONS
çarpıt,DISTORTS
,DISTRACT
,DISTRACTED
,DISTRACTING
,DISTRACTION
,DISTRACTIONS
,DISTRACTS
sıkıntı,DISTRESS
sıkıntı,DISTRESSED
rahatsız,DISTURB
rahatsız,DISTURBANCE
rahatsız,DISTURBANCES
rahatsız,DISTURBED
rahatsız,DISTURBING
rahatsız,DISTURBS
diversiyon,DIVERSION
saptır,DIVERT
saptır,DIVERTED
saptır,DIVERTING
saptır,DIVERTS
tasfiye,DIVEST
tasfiye,DIVESTED
tasfiye,DIVESTING
tasfiye,DIVESTITURE
tasfiye,DIVESTITURES
tasfiye,DIVESTMENT
tasfiye,DIVESTMENTS
tasfiye,DIVESTS
boşan,DIVORCE
boşan,DIVORCED
ifşa,DIVULGE
ifşa,DIVULGED
ifşa,DIVULGES
ifşa,DIVULGING
kuşku,DOUBT
şüphe,DOUBTED
şüphe,DOUBTFUL
şüphe,DOUBTS
döndür,DOWNGRADE
döndür,DOWNGRADED
döndür,DOWNGRADES
döndür,DOWNGRADING
küçült,DOWNSIZE
küçült,DOWNSIZED
küçült,DOWNSIZES
küçült,DOWNSIZING
küçült,DOWNSIZINGS
durma,DOWNTIME
durma,DOWNTIMES
kriz,DOWNTURN
bunalım,DOWNTURNS
aşağı,DOWNWARD
aşağı,DOWNWARDS
sürükle,DRAG
şiddetli,DRASTIC
şiddetli,DRASTICALLY
kusur,DRAWBACK
kusur,DRAWBACKS
düşme,DROPPED
kuraklık,DROUGHT
kuraklık,DROUGHTS
zorlama,DURESS
işlemez,DYSFUNCTION
işlemez,DYSFUNCTIONAL
işlemez,DYSFUNCTIONS
hafifletme,EASING
fena,EGREGIOUS
fena,EGREGIOUSLY
ambargo,EMBARGO
ambargo,EMBARGOED
ambargo,EMBARGOES
ambargo,EMBARGOING
utandır,EMBARRASS
utandır,EMBARRASSED
utandır,EMBARRASSES
utandır,EMBARRASSING
utandır,EMBARRASSMENT
utandır,EMBARRASSMENTS
zimmete,EMBEZZLE
zimmetine,EMBEZZLED
zimmete,EMBEZZLEMENT
zimmete,EMBEZZLEMENTS
zimmete,EMBEZZLER
zimmete,EMBEZZLES
zimmete,EMBEZZLING
tecavüz,ENCROACH
tecavüz,ENCROACHED
tecavüz,ENCROACHES
tecavüz,ENCROACHING
tecavüz,ENCROACHMENT
tecavüz,ENCROACHMENTS
engel,ENCUMBER
ipotek,ENCUMBERED
engel,ENCUMBERING
engel,ENCUMBERS
engel,ENCUMBRANCE
engel,ENCUMBRANCES
tehlike,ENDANGER
tehlike,ENDANGERED
tehlike,ENDANGERING
tehlike,ENDANGERMENT
tehlike,ENDANGERS
,ENJOIN
,ENJOINED
,ENJOINING
,ENJOINS
aşın,ERODE
aşın,ERODED
aşın,ERODES
aşın,ERODING
aşın,EROSION
düzensiz,ERRATIC
düzensiz,ERRATICALLY
yanıl,ERRED
yanıl,ERRING
hatalı,ERRONEOUS
sehven,ERRONEOUSLY
hata,ERROR
hata,ERRORS
hata,ERRS
yükselt,ESCALATE
yükselt,ESCALATED
yükselt,ESCALATES
yükselt,ESCALATING
kaçın,EVADE
kaçın,EVADED
kaçın,EVADES
kaçın,EVADING
kaçın,EVASION
kaçın,EVASIONS
kaçın,EVASIVE
tahliye,EVICT
tahliye,EVICTED
tahliye,EVICTING
tahliye,EVICTION
tahliye,EVICTIONS
tahliye,EVICTS
şiddetlendir,EXACERBATE
şiddetlendir,EXACERBATED
şiddetlendir,EXACERBATES
şiddetlendir,EXACERBATING
şiddetlendir,EXACERBATION
şiddetlendir,EXACERBATIONS
abart,EXAGGERATE
abart,EXAGGERATED
abart,EXAGGERATES
abart,EXAGGERATING
abart,EXAGGERATION
aşırı,EXCESSIVE
aşırı,EXCESSIVELY
aklama,EXCULPATE
aklan,EXCULPATED
aklan,EXCULPATES
aklan,EXCULPATING
aklan,EXCULPATION
aklan,EXCULPATIONS
aklan,EXCULPATORY
beraat,EXONERATE
beraat,EXONERATED
beraat,EXONERATES
beraat,EXONERATING
beraat,EXONERATION
beraat,EXONERATIONS
istismar,EXPLOIT
istismar,EXPLOITATION
istismar,EXPLOITATIONS
istismar,EXPLOITATIVE
istismar,EXPLOITED
istismar,EXPLOITING
istismar,EXPLOITS
maruz,EXPOSE
maruz,EXPOSED
maruz,EXPOSES
maruz,EXPOSING
kamulaş,EXPROPRIATE
kamulaş,EXPROPRIATED
kamulaş,EXPROPRIATES
kamulaş,EXPROPRIATING
kamulaş,EXPROPRIATION
kamulaş,EXPROPRIATIONS
çıkarıl,EXPULSION
çıkarıl,EXPULSIONS
hafifletici,EXTENUATING
başarısız,FAIL
başarısız,FAILED
başarısız,FAILING
başarısız,FAILINGS
başarısız,FAILS
başarısız,FAILURE
başarısız,FAILURES
beklenmedik,FALLOUT
,
sahte,FALSELY
tahrif,FALSIFICATION
tahrif,FALSIFICATIONS
tahrif,FALSIFIED
tahrif,FALSIFIES
tahrif,FALSIFY
tahrif,FALSIFYING
sahtelik,FALSITY
ölüm,FATALITIES
ölüm,FATALITY
ölümcül,FATALLY
hata,FAULT
hata,FAULTED
hata,FAULTS
hata,FAULTY
kork,FEAR
kork,FEARS
cürüm,FELONIES
cürüm,FELONIOUS
suç,FELONY
hayali,FICTITIOUS
ceza,FINED
ceza,FINES
çıkarıl,FIRED
çıkarıl,FIRING
hata,FLAW
hata,FLAWED
kusurlar,FLAWS
yasak,FORBID
yasak,FORBIDDEN
yasak,FORBIDDING
yasak,FORBIDS
kuvvet,FORCE
kuvvet,FORCED
kuvvet,FORCING
hacz,FORECLOSE
haciz,FORECLOSED
haciz,FORECLOSES
haciz,FORECLOSING
haciz,FORECLOSURE
haciz,FORECLOSURES
vazgeç,FOREGO
vazgeç,FOREGOES
vazgeç,FOREGONE
engel,FORESTALL
engel,FORESTALLED
engel,FORESTALLING
engel,FORESTALLS
ceza,FORFEIT
ceza,FORFEITED
ceza,FORFEITING
ceza,FORFEITS
ceza,FORFEITURE
ceza,FORFEITURES
kalpazan,FORGERS
kalpazan,FORGERY
dolandır,FRAUD
dolandır,FRAUDS
dolandır,FRAUDULENCE
dolandır,FRAUDULENT
dolandır,FRAUDULENTLY
önemsiz,FRIVOLOUS
önemsiz,FRIVOLOUSLY
bozul,FRUSTRATE
bozul,FRUSTRATED
bozul,FRUSTRATES
bozul,FRUSTRATING
bozul,FRUSTRATINGLY
bozul,FRUSTRATION
bozul,FRUSTRATIONS
firari,FUGITIVE
firari,FUGITIVES
ücretsiz,GRATUITOUS
ücretsiz,GRATUITOUSLY
şikayet,GRIEVANCE
şikayet,GRIEVANCES
fena,GROSSLY
asılsız,GROUNDLESS
kabahat,GUILTY
durdur,HALT
durdur,HALTED
engel,HAMPER
engel,HAMPERED
engel,HAMPERING
engel,HAMPERS
taciz,HARASS
taciz,HARASSED
taciz,HARASSING
taciz,HARASSMENT
zorluk,HARDSHIP
zorluk,HARDSHIPS
zarar,HARM
zarar,HARMED
zarar,HARMFUL
zarar,HARMFULLY
zarar,HARMING
zarar,HARMS
sert,HARSH
sert,HARSHER
sert,HARSHEST
sert,HARSHLY
sert,HARSHNESS
tehlike,HAZARD
tehlike,HAZARDOUS
tehlike,HAZARDS
engel,HINDER
engel,HINDERED
engel,HINDERING
engel,HINDERS
engel,HINDRANCE
engel,HINDRANCES
düşman,HOSTILE
husumet,HOSTILITY
acı,HURT
acı,HURTING
boşta,IDLE
boşta,IDLED
boşta,IDLING
gözardı,IGNORE
gözardı,IGNORED
gözardı,IGNORES
gözardı,IGNORING
hasta,ILL
yasadışı,ILLEGAL
yasadışı,ILLEGALITIES
yasadışı,ILLEGALITY
yasadışı,ILLEGALLY
okunaksız,ILLEGIBLE
yasadışı,ILLICIT
yasadışı,ILLICITLY
,ILLIQUID
,ILLIQUIDITY
dengesiz,IMBALANCE
dengesiz,IMBALANCES
gelişmemiş,IMMATURE
ahlaksız,IMMORAL
bozma,IMPAIR
bozma,IMPAIRED
bozan,IMPAIRING
bozma,IMPAIRMENT
bozma,IMPAIRMENTS
bozma,IMPAIRS
çıkmaz,IMPASSE
çıkmaz,IMPASSES
baltalama,IMPEDE
sekte,IMPEDED
engel,IMPEDES
engel,IMPEDIMENT
engel,IMPEDIMENTS
engel,IMPEDING
tehditkar,IMPENDING
zorunlu,IMPERATIVE
kusur,IMPERFECTION
kusur,IMPERFECTIONS
tehlike,IMPERIL
yasak,IMPERMISSIBLE
karıştır,IMPLICATE
karıştır,IMPLICATED
karıştır,IMPLICATES
karıştır,IMPLICATING
imkânsız,IMPOSSIBILITY
imkânsız,IMPOSSIBLE
hacz,IMPOUND
hacz,IMPOUNDED
hacz,IMPOUNDING
hacz,IMPOUNDS
uygulanamaz,IMPRACTICABLE
kullanışsız,IMPRACTICAL
uygulanamaz,IMPRACTICALITIES
uygulanamaz,IMPRACTICALITY
hapis,IMPRISONMENT
yanlış,IMPROPER
yanlış,IMPROPERLY
uygunsuz,IMPROPRIETIES
uygunsuz,IMPROPRIETY
tedbirsiz,IMPRUDENT
tedbirsiz,IMPRUDENTLY
yetersiz,INABILITY
erişilemez,INACCESSIBLE
hata,INACCURACIES
hata,INACCURACY
hata,INACCURATE
hata,INACCURATELY
hareketsiz,INACTION
hareketsiz,INACTIONS
inaktive,INACTIVATE
inaktive,INACTIVATED
inaktive,INACTIVATES
inaktive,INACTIVATING
inaktivasyonu,INACTIVATION
inaktivasyonu,INACTIVATIONS
inaktivite,INACTIVITY
yetersizlik,INADEQUACIES
yetersizlik,INADEQUACY
yetersizlik,INADEQUATE
yetersizlik,INADEQUATELY
istenmeyen,INADVERTENT
yanlışlıkla,INADVERTENTLY
,INADVISABILITY
,INADVISABLE
uygunsuz,INAPPROPRIATE
uygunsuz,INAPPROPRIATELY
dikkatsiz,INATTENTION
aciz,INCAPABLE
aciz,INCAPACITATED
yeteneksiz,INCAPACITY
hapset,INCARCERATE
hapset,INCARCERATED
hapsed,INCARCERATES
hapsed,INCARCERATING
hapsed,INCARCERATION
hapsed,INCARCERATIONS
olay,INCIDENCE
olay,INCIDENCES
olay,INCIDENT
olay,INCIDENTS
uyumsuz,INCOMPATIBILITIES
uyumsuz,INCOMPATIBILITY
uyumsuz,INCOMPATIBLE
yetersiz,INCOMPETENCE
yetersiz,INCOMPETENCY
yetersiz,INCOMPETENT
yetersiz,INCOMPETENTLY
yetersiz,INCOMPETENTS
eksik,INCOMPLETE
eksik,INCOMPLETELY
eksik,INCOMPLETENESS
belirsiz,INCONCLUSIVE
tutarsız,INCONSISTENCIES
tutarsız,INCONSISTENCY
tutarsız,INCONSISTENT
tutarsız,INCONSISTENTLY
rahatsız,INCONVENIENCE
rahatsız,INCONVENIENCES
rahatsız,INCONVENIENT
yanlış,INCORRECT
yanlış,INCORRECTLY
yanlış,INCORRECTNESS
ahlaksız,INDECENCY
uygunsuz,INDECENT
feshedilemez,INDEFEASIBLE
feshedilemez,INDEFEASIBLY
suçla,INDICT
suçla,INDICTABLE
suçla,INDICTED
suçla,INDICTING
iddianame,INDICTMENT
iddianame,INDICTMENTS
etkisiz,INEFFECTIVE
etkisiz,INEFFECTIVELY
etkisiz,INEFFECTIVENESS
verimsiz,INEFFICIENCIES
verimsiz,INEFFICIENCY
verimsiz,INEFFICIENT
verimsiz,INEFFICIENTLY
uygunsuz,INELIGIBILITY
uygunsuz,INELIGIBLE
adaletsiz,INEQUITABLE
adaletsiz,INEQUITABLY
adaletsiz,INEQUITIES
adaletsiz,INEQUITY
kaçınılmaz,INEVITABLE
deneyimsiz,INEXPERIENCE
deneyimsiz,INEXPERIENCED
aşağı,INFERIOR
uğrat,INFLICTED
ihlal,INFRACTION
ihlal,INFRACTIONS
ihlal,INFRINGE
ihlal,INFRINGED
ihlal,INFRINGEMENT
ihlal,INFRINGEMENTS
ihlal,INFRINGES
ihlal,INFRINGING
yasak,INHIBITED
ters,INIMICAL
emir,INJUNCTION
tedbir,INJUNCTIONS
hasar,INJURE
hasar,INJURED
hasar,INJURES
hasar,INJURIES
hasar,INJURING
hasar,INJURIOUS
hasar,INJURY
aşırı,INORDINATE
aşırı,INORDINATELY
soruşturma,INQUIRY
güvensiz,INSECURE
duyarsız,INSENSITIVE
iflas,INSOLVENCIES
iflas,INSOLVENCY
iflas,INSOLVENT
istikrarsız,INSTABILITY
itaatsiz,INSUBORDINATION
yetmez,INSUFFICIENCY
yetmez,INSUFFICIENT
yetmez,INSUFFICIENTLY
isyan,INSURRECTION
isyan,INSURRECTIONS
kasıtlı,INTENTIONAL
müdahale,INTERFERE
müdahale,INTERFERED
müdahale,INTERFERENCE
müdahale,INTERFERENCES
müdahale,INTERFERES
müdahale,INTERFERING
aralıklı,INTERMITTENT
aralıklı,INTERMITTENTLY
kesme,INTERRUPT
kesme,INTERRUPTED
kesme,INTERRUPTING
kesinti,INTERRUPTION
kesinti,INTERRUPTIONS
kesinti,INTERRUPTS
tehdit,INTIMIDATION
saldırı,INTRUSION
geçersiz,INVALID
geçersiz,INVALIDATE
geçersiz,INVALIDATED
geçersiz,INVALIDATES
geçersiz,INVALIDATING
geçersiz,INVALIDATION
geçersiz,INVALIDITY
soruştur,INVESTIGATE
soruştur,INVESTIGATED
soruştur,INVESTIGATES
soruştur,INVESTIGATING
soruştur,INVESTIGATION
soruştur,INVESTIGATIONS
istemsiz,INVOLUNTARILY
istemsiz,INVOLUNTARY
uzlaşmaz,IRRECONCILABLE
uzlaşmaz,IRRECONCILABLY
düzeltilemez,IRRECOVERABLE
düzeltilemez,IRRECOVERABLY
düzensiz,IRREGULAR
düzensiz,IRREGULARITIES
düzensiz,IRREGULARITY
düzensiz,IRREGULARLY
onarılamaz,IRREPARABLE
onarılamaz,IRREPARABLY
,IRREVERSIBLE
tehlike,JEOPARDIZE
tehlike,JEOPARDIZED
gerekçeli,JUSTIFIABLE
bahşiş,KICKBACK
bahşiş,KICKBACKS
bilerek,KNOWINGLY
eksik,LACK
eksik,LACKED
eksik,LACKING
eksik,LACKLUSTER
eksik,LACKS
gecik,LAG
gecikmeli,LAGGED
gecikmeli,LAGGING
gecikme,LAGS
gerile,LAPSE
gerile,LAPSED
gerile,LAPSES
gerile,LAPSING
geç,LATE
aklama,LAUNDERING
çıkarma,LAYOFF
çıkarma,LAYOFFS
yalan,LIE
sınırlama,LIMITATION
kısıtlama,LIMITATIONS
kalıcı,LINGERING
tasfiye,LIQUIDATE
tasfiye,LIQUIDATED
tasfiye,LIQUIDATES
tasfiye,LIQUIDATING
tasfiye,LIQUIDATION
tasfiye,LIQUIDATIONS
tasfiye,LIQUIDATOR
tasfiye,LIQUIDATORS
davacı,LITIGANT
davacı,LITIGANTS
dava,LITIGATE
dava,LITIGATED
dava,LITIGATES
dava,LITIGATING
dava,LITIGATION
dava,LITIGATIONS
lokavt,LOCKOUT
lokavt,LOCKOUTS
kaybet,LOSE
kaybet,LOSES
kaybet,LOSING
kayıp,LOSS
kayıp,LOSSES
kayıp,LOST
yalancı,LYING
kötülük,MALFEASANCE
arıza,MALFUNCTION
arıza,MALFUNCTIONED
arıza,MALFUNCTIONING
arıza,MALFUNCTIONS
kötülük,MALICE
zararlı,MALICIOUS
zararlı,MALICIOUSLY
malpraktis,MALPRACTICE
manipüle,MANIPULATE
manipüle,MANIPULATED
manipüle,MANIPULATES
manipüle,MANIPULATING
manipülasyon,MANIPULATION
manipülasyon,MANIPULATIONS
manipülatif,MANIPULATIVE
indirim,MARKDOWN
indirim,MARKDOWNS
yanlış,MISAPPLICATION
yanlış,MISAPPLICATIONS
yanlış,MISAPPLIED
yanlış,MISAPPLIES
yanlış,MISAPPLY
yanlış,MISAPPLYING
zimmet,MISAPPROPRIATE
zimmet,MISAPPROPRIATED
zimmet,MISAPPROPRIATES
zimmet,MISAPPROPRIATING
suiistimal,MISAPPROPRIATION
suiistimal,MISAPPROPRIATIONS
yanlış,MISBRANDED
hata,MISCALCULATE
hata,MISCALCULATED
hata,MISCALCULATES
hata,MISCALCULATING
hata,MISCALCULATION
hata,MISCALCULATIONS
hata,MISCHARACTERIZATION
yaramaz,MISCHIEF
hata,MISCLASSIFICATION
hata,MISCLASSIFICATIONS
hata,MISCLASSIFIED
hata,MISCLASSIFY
iletişimsiz,MISCOMMUNICATION
kötüye,MISCONDUCT
hata,MISDATED
kabahat,MISDEMEANOR
kabahat,MISDEMEANORS
idaresiz,MISDIRECTED
idaresiz,MISHANDLE
idaresiz,MISHANDLED
idaresiz,MISHANDLES
idaresiz,MISHANDLING
sakla,MISINFORM
sakla,MISINFORMATION
sakla,MISINFORMED
sakla,MISINFORMING
sakla,MISINFORMS
yanlış,MISINTERPRET
yanlış,MISINTERPRETATION
yanlış,MISINTERPRETATIONS
yanlış,MISINTERPRETED
yanlış,MISINTERPRETING
yanlış,MISINTERPRETS
yanlış,MISJUDGE
yanlış,MISJUDGED
yanlış,MISJUDGES
yanlış,MISJUDGING
yanlış,MISJUDGMENT
yanlış,MISJUDGMENTS
yanlış,MISLABEL
yanlış,MISLABELED
yanlış,MISLABELING
yanlış,MISLABELLED
yanlış,MISLABELS
yanılt,MISLEAD
yanılt,MISLEADING
yanılt,MISLEADINGLY
yanılt,MISLEADS
yanılt,MISLED
idaresiz,MISMANAGE
idaresiz,MISMANAGED
idaresiz,MISMANAGEMENT
idaresiz,MISMANAGES
idaresiz,MISMANAGING
uyumsuz,MISMATCH
uyumsuz,MISMATCHED
uyumsuz,MISMATCHES
uyumsuz,MISMATCHING
yanlış,MISPLACED
yanlış,MISPRICE
yanlış,MISPRICING
yanlış,MISPRICINGS
yalan,MISREPRESENT
yalan,MISREPRESENTATION
yalan,MISREPRESENTATIONS
yalan,MISREPRESENTED
yalan,MISREPRESENTING
yalan,MISREPRESENTS
ıska,MISS
kaçır,MISSED
ıska,MISSES
yalan,MISSTATE
yalan,MISSTATED
yalan,MISSTATEMENT
yalan,MISSTATEMENTS
yalan,MISSTATES
yalan,MISSTATING
hata,MISSTEP
hata,MISSTEPS
hata,MISTAKE
hata,MISTAKEN
hata,MISTAKENLY
hata,MISTAKES
hata,MISTAKING
hükümsüz,MISTRIAL
hükümsüz,MISTRIALS
yanlış,MISUNDERSTAND
yanlış,MISUNDERSTANDING
yanlış,MISUNDERSTANDINGS
yanlış,MISUNDERSTOOD
yanlış,MISUSE
yanlış,MISUSED
yanlış,MISUSES
yanlış,MISUSING
tekelci,MONOPOLISTIC
tekelci,MONOPOLISTS
tekelleşme,MONOPOLIZATION
tekel,MONOPOLIZE
tekel,MONOPOLIZED
tekel,MONOPOLIZES
tekel,MONOPOLIZING
tekel,MONOPOLY
moratoryum,MORATORIA
moratoryum,MORATORIUM
moratoryum,MORATORIUMS
gayrıfaal,MOTHBALLED
gayrıfaal,MOTHBALLING
negatif,NEGATIVE
olumsuz,NEGATIVELY
olumsuz,NEGATIVES
ihmal,NEGLECT
ihmal,NEGLECTED
ihmal,NEGLECTFUL
ihmal,NEGLECTING
ihmal,NEGLECTS
ihmal,NEGLIGENCE
ihmal,NEGLIGENCES
ihmal,NEGLIGENT
ihmal,NEGLIGENTLY
erişilmez,NONATTAINMENT
,NONCOMPETITIVE
uyumsuz,NONCOMPLIANCE
uyumsuz,NONCOMPLIANCES
uyumsuz,NONCOMPLIANT
uyumsuz,NONCOMPLYING
uyumsuz,NONCONFORMING
uyumsuz,NONCONFORMITIES
uyumsuz,NONCONFORMITY
gizlilik,NONDISCLOSURE
işlevsiz,NONFUNCTIONAL
ödememe,NONPAYMENT
ödememe,NONPAYMENTS
ödememe,NONPERFORMANCE
ödememe,NONPERFORMANCES
ödememe,NONPERFORMING
üretimsiz,NONPRODUCING
üretimsiz,NONPRODUCTIVE
,NONRECOVERABLE
yenilememe,NONRENEWAL
rahatsızlık,NUISANCE
rahatsızlık,NUISANCES
iptal,NULLIFICATION
iptal,NULLIFICATIONS
iptal,NULLIFIED
iptal,NULLIFIES
iptal,NULLIFY
iptal,NULLIFYING
itiraz,OBJECTED
itiraz,OBJECTING
itiraz,OBJECTION
itiraz,OBJECTIONABLE
itiraz,OBJECTIONABLY
itiraz,OBJECTIONS
müstehcen,OBSCENE
müstehcen,OBSCENITY
geçersiz,OBSOLESCENCE
geçersiz,OBSOLETE
engel,OBSTACLE
engel,OBSTACLES
engel,OBSTRUCT
engel,OBSTRUCTED
engel,OBSTRUCTING
engel,OBSTRUCTION
engel,OBSTRUCTIONS
suç,OFFENCE
suç,OFFENCES
suç,OFFEND
suç,OFFENDED
suç,OFFENDER
suç,OFFENDERS
suç,OFFENDING
suç,OFFENDS
ihmal,OMISSION
ihmal,OMISSIONS
ihmal,OMIT
ihmal,OMITS
ihmal,OMITTED
ihmal,OMITTING
ağır,ONEROUS
fırsatçı,OPPORTUNISTIC
fırsatçı,OPPORTUNISTICALLY
karşı,OPPOSE
karşı,OPPOSED
karşı,OPPOSES
karşı,OPPOSING
muhalefet,OPPOSITION
muhalefet,OPPOSITIONS
kesinti,OUTAGE
kesinti,OUTAGES
eski,OUTDATED
demode,OUTMODED
geçkin,OVERAGE
geçkin,OVERAGES
aşırı,OVERBUILD
aşırı,OVERBUILDING
aşırı,OVERBUILDS
aşırı,OVERBUILT
aşırı,OVERBURDEN
aşırı,OVERBURDENED
aşırı,OVERBURDENING
aşırı,OVERCAPACITIES
aşırı,OVERCAPACITY
fahiş,OVERCHARGE
fahiş,OVERCHARGED
fahiş,OVERCHARGES
fahiş,OVERCHARGING
üstesinden,OVERCOME
üstesinden,OVERCOMES
üstesinden,OVERCOMING
gecikmiş,OVERDUE
fazla,OVERESTIMATE
fazla,OVERESTIMATED
fazla,OVERESTIMATES
fazla,OVERESTIMATING
fazla,OVERESTIMATION
fazla,OVERESTIMATIONS
aşırı,OVERLOAD
aşırı,OVERLOADED
aşırı,OVERLOADING
aşırı,OVERLOADS
kaçırma,OVERLOOK
kaçırma,OVERLOOKED
kaçırma,OVERLOOKING
kaçırma,OVERLOOKS
fazla,OVERPAID
fazla,OVERPAYMENT
fazla,OVERPAYMENTS
fazla,OVERPRODUCED
fazla,OVERPRODUCES
fazla,OVERPRODUCING
fazla,OVERPRODUCTION
istila,OVERRUN
istila,OVERRUNNING
istila,OVERRUNS
gölgele,OVERSHADOW
gölgele,OVERSHADOWED
gölgele,OVERSHADOWING
gölgele,OVERSHADOWS
abart,OVERSTATE
abart,OVERSTATED
abart,OVERSTATEMENT
abart,OVERSTATEMENTS
abart,OVERSTATES
abart,OVERSTATING
fazla,OVERSUPPLIED
fazla,OVERSUPPLIES
fazla,OVERSUPPLY
fazla,OVERSUPPLYING
kasten,OVERTLY
devirme,OVERTURN
devirme,OVERTURNED
devirme,OVERTURNING
devirme,OVERTURNS
fahiş,OVERVALUE
fahiş,OVERVALUED
fahiş,OVERVALUING
panik,PANIC
panik,PANICS
ceza,PENALIZE
ceza,PENALIZED
ceza,PENALIZES
ceza,PENALIZING
ceza,PENALTIES
ceza,PENALTY
tehlike,PERIL
tehlike,PERILS
yalan,PERJURY
,PERPETRATE
,PERPETRATED
,PERPETRATES
,PERPETRATING
,PERPETRATION
ısrar,PERSIST
ısrar,PERSISTED
sürekli,PERSISTENCE
sürekli,PERSISTENT
sürekli,PERSISTENTLY
sürekli,PERSISTING
sürekli,PERSISTS
yayılma,PERVASIVE
yayılma,PERVASIVELY
yayılma,PERVASIVENESS
küçük,PETTY
kazık,PICKET
kazık,PICKETED
kazık,PICKETING
davacı,PLAINTIFF
davacı,PLAINTIFFS
savunma,PLEA
savunma,PLEAD
savunma,PLEADED
savunma,PLEADING
savunma,PLEADINGS
savunma,PLEADS
savunma,PLEAS
savunma,PLED
kötü,POOR
kötü,POORLY
gösteriş,POSES
gösteriş,POSING
ertele,POSTPONE
ertele,POSTPONED
ertele,POSTPONEMENT
ertele,POSTPONEMENTS
ertele,POSTPONES
ertele,POSTPONING
çöktür,PRECIPITATED
acele,PRECIPITOUS
acele,PRECIPITOUSLY
engel,PRECLUDE
engel,PRECLUDED
engel,PRECLUDES
engel,PRECLUDING
yırtıcı,PREDATORY
önyargı,PREJUDICE
önyargı,PREJUDICED
önyargı,PREJUDICES
önyargı,PREJUDICIAL
önyargı,PREJUDICING
erken,PREMATURE
erken,PREMATURELY
baskı,PRESSING
önduruşma,PRETRIAL
önlem,PREVENTING
önlem,PREVENTION
önlem,PREVENTS
sorun,PROBLEM
sorunlu,PROBLEMATIC
sorunsal,PROBLEMATICAL
sorun,PROBLEMS
uzat,PROLONG
uzat,PROLONGATION
uzat,PROLONGATIONS
uzun,PROLONGED
uzun,PROLONGING
uzun,PROLONGS
meyyal,PRONE
soruştur,PROSECUTE
soruştur,PROSECUTED
soruştur,PROSECUTES
savcı,PROSECUTING
soruştur,PROSECUTION
soruştur,PROSECUTIONS
protesto,PROTEST
protestolu,PROTESTED
protesto,PROTESTER
protesto,PROTESTERS
protesto,PROTESTING
protesto,PROTESTOR
protesto,PROTESTORS
protesto,PROTESTS
uzama,PROTRACTED
uzama,PROTRACTION
provoke,PROVOKE
kışkırt,PROVOKED
kışkırt,PROVOKES
provokasyon,PROVOKING
ceza,PUNISHED
ceza,PUNISHES
ceza,PUNISHING
ceza,PUNISHMENT
ceza,PUNISHMENTS
ceza,PUNITIVE
iddia,PURPORT
iddia,PURPORTED
iddia,PURPORTEDLY
iddia,PURPORTING
iddia,PURPORTS
soru,QUESTION
kuşku,QUESTIONABLE
kuşku,QUESTIONABLY
sorgu,QUESTIONED
sorgu,QUESTIONING
soru,QUESTIONS
cayma,QUIT
cayma,QUITTING
şantaj,RACKETEER
şantaj,RACKETEERING
gerekçele,RATIONALIZATION
rasyonalize,RATIONALIZATIONS
rasyonalize,RATIONALIZE
rasyonalize,RATIONALIZED
rasyonalize,RATIONALIZES
rasyonalize,RATIONALIZING
yeniden,REASSESSMENT
yeniden,REASSESSMENTS
yeniden,REASSIGN
yeniden,REASSIGNED
yeniden,REASSIGNING
yeniden,REASSIGNMENT
yeniden,REASSIGNMENTS
yeniden,REASSIGNS
çağır,RECALL
çağır,RECALLED
çağır,RECALLING
çağır,RECALLS
durgun,RECESSION
durgun,RECESSIONARY
resesyon,RECESSIONS
dikkatsiz,RECKLESS
dikkatsiz,RECKLESSLY
dikkatsiz,RECKLESSNESS
redakt,REDACT
redakt,REDACTED
redakt,REDACTING
redakt,REDACTION
redakt,REDACTIONS
yapılandır,REDEFAULT
yapılandır,REDEFAULTED
yapılandır,REDEFAULTS
tamir,REDRESS
ıslah,REDRESSED
düzelt,REDRESSES
telafi,REDRESSING
ret,REFUSAL
redde,REFUSALS
redde,REFUSE
redde,REFUSED
redde,REFUSES
redde,REFUSING
redde,REJECT
redde,REJECTED
redde,REJECTING
redde,REJECTION
redde,REJECTIONS
redde,REJECTS
vazgeç,RELINQUISH
feragat,RELINQUISHED
vazgeç,RELINQUISHES
feragat,RELINQUISHING
feragat,RELINQUISHMENT
feragat,RELINQUISHMENTS
isteksiz,RELUCTANCE
isteksiz,RELUCTANT
yeniden,RENEGOTIATE
yeniden,RENEGOTIATED
yeniden,RENEGOTIATES
yeniden,RENEGOTIATING
yeniden,RENEGOTIATION
yeniden,RENEGOTIATIONS
bırak,RENOUNCE
bırak,RENOUNCED
bırak,RENOUNCEMENT
bırak,RENOUNCEMENTS
bırak,RENOUNCES
bırak,RENOUNCING
tazmin,REPARATION
tazmin,REPARATIONS
el,REPOSSESSED
el,REPOSSESSES
el,REPOSSESSING
el,REPOSSESSION
el,REPOSSESSIONS
redd,REPUDIATE
redd,REPUDIATED
redd,REPUDIATES
redd,REPUDIATING
redd,REPUDIATION
redd,REPUDIATIONS
istifa,RESIGN
istifa,RESIGNATION
istifa,RESIGNATIONS
istifa,RESIGNED
istifa,RESIGNING
istifa,RESIGNS
yeniden,RESTATE
yeniden,RESTATED
yeniden,RESTATEMENT
yeniden,RESTATEMENTS
yeniden,RESTATES
yeniden,RESTATING
yapılandır,RESTRUCTURE
yapılandır,RESTRUCTURED
yapılandır,RESTRUCTURES
yapılandır,RESTRUCTURING
yapılandır,RESTRUCTURINGS
misilleme,RETALIATE
misilleme,RETALIATED
misilleme,RETALIATES
misilleme,RETALIATING
misilleme,RETALIATION
misilleme,RETALIATIONS
misilleme,RETALIATORY
ceza,RETRIBUTION
ceza,RETRIBUTIONS
iptal,REVOCATION
iptal,REVOCATIONS
iptal,REVOKE
iptal,REVOKED
iptal,REVOKES
iptal,REVOKING
alay,RIDICULE
alay,RIDICULED
alay,RIDICULES
alay,RIDICULING
riskli,RISKIER
riskli,RISKIEST
risk,RISKY
sabotaj,SABOTAGE
feda,SACRIFICE
kurban,SACRIFICED
feda,SACRIFICES
feda,SACRIFICIAL
ödün,SACRIFICING
skandal,SCANDALOUS
skandal,SCANDALS
incele,SCRUTINIZE
incele,SCRUTINIZED
incele,SCRUTINIZES
incele,SCRUTINIZING
incele,SCRUTINY
gizlilik,SECRECY
gasp,SEIZE
zapt,SEIZED
zapt,SEIZES
zapt,SEIZING
ceza,SENTENCED
çarptır,SENTENCING
ciddi,SERIOUS
ciddi,SERIOUSLY
ciddiyet,SERIOUSNESS
aksilik,SETBACK
terslik,SETBACKS
kopar,SEVER
şiddetli,SEVERE
kopar,SEVERED
şiddetli,SEVERELY
şiddetli,SEVERITIES
şiddet,SEVERITY
keskin,SHARPLY
şok,SHOCKED
kıtlık,SHORTAGE
noksan,SHORTAGES
eksik,SHORTFALL
eksiklik,SHORTFALLS
daralma,SHRINKAGE
daralma,SHRINKAGES
kapa,SHUT
kapa,SHUTDOWN
kapa,SHUTDOWNS
kapa,SHUTS
kapa,SHUTTING
iftira,SLANDER
karala,SLANDERED
karalayıcı,SLANDEROUS
iftira,SLANDERS
kayma,SLIPPAGE
kayma,SLIPPAGES
yavaş,SLOW
yavaşla,SLOWDOWN
yavaşla,SLOWDOWNS
yavaşla,SLOWED
yavaş,SLOWER
yavaş,SLOWEST
yavaş,SLOWING
yavaş,SLOWLY
yavaş,SLOWNESS
yavaş,SLUGGISH
yavaş,SLUGGISHLY
yavaş,SLUGGISHNESS
,SOLVENCIES
,SOLVENCY
spam,SPAM
spam,SPAMMERS
spam,SPAMMING
şaşırtıcı,STAGGERING
durağan,STAGNANT
durgun,STAGNATE
durak,STAGNATED
durağan,STAGNATES
durağan,STAGNATING
durağan,STAGNATION
durma,STANDSTILL
durma,STANDSTILLS
çalıntı,STOLEN
kesinti,STOPPAGE
tevkifat,STOPPAGES
durdu,STOPPED
durdur,STOPPING
durur,STOPS
gergin,STRAIN
gergin,STRAINED
gergin,STRAINING
gergin,STRAINS
stres,STRESS
baskı,STRESSED
stres,STRESSES
stres,STRESSFUL
stres,STRESSING
sıkı,STRINGENT
maruz,SUBJECTED
tabi,SUBJECTING
itaat,SUBJECTION
celp,SUBPOENA
celb,SUBPOENAED
celp,SUBPOENAS
düşük,SUBSTANDARD
dava,SUE
dava,SUED
dava,SUES
maruz,SUFFER
maruz,SUFFERED
maruz,SUFFERING
maruz,SUFFERS
dava,SUING
celp,SUMMONED
celp,SUMMONING
celp,SUMMONS
celp,SUMMONSES
hassas,SUSCEPTIBILITY
hassas,SUSCEPTIBLE
şüpheli,SUSPECT
şüpheli,SUSPECTED
şüpheli,SUSPECTS
askıya,SUSPEND
askıya,SUSPENDED
askıya,SUSPENDING
askıya,SUSPENDS
askıya,SUSPENSION
askıya,SUSPENSIONS
şüphe,SUSPICION
şüphe,SUSPICIONS
şüphe,SUSPICIOUS
şüphe,SUSPICIOUSLY
kusur,TAINT
kusurlu,TAINTED
kusur,TAINTING
kusur,TAINTS
kurcala,TAMPERED
gergin,TENSE
sonlandır,TERMINATE
sonlandır,TERMINATED
sonlandır,TERMINATES
sonlandırma,TERMINATING
sonlandırma,TERMINATION
sonlandırma,TERMINATIONS
tanık,TESTIFY
tanık,TESTIFYING
tehdit,THREAT
tehdit,THREATEN
tehdit,THREATENED
tehdit,THREATENING
tehdit,THREATENS
tehdit,THREATS
germe,TIGHTENING
tahammül,TOLERATE
tahammül,TOLERATED
tahammül,TOLERATES
tahammül,TOLERATING
tahammül,TOLERATION
fesat,TORTUOUS
fesat,TORTUOUSLY
trajedi,TRAGEDIES
trajedi,TRAGEDY
trajik,TRAGIC
trajik,TRAGICALLY
travma,TRAUMATIC
sorun,TROUBLE
sıkıntı,TROUBLED
sıkıntı,TROUBLES
türbülans,TURBULENCE
telaş,TURMOIL
imkansız,UNABLE
imkansız,UNACCEPTABLE
imkansız,UNACCEPTABLY
açıklanmamış,UNACCOUNTED
habersiz,UNANNOUNCED
beklenmeyen,UNANTICIPATED
onaysız,UNAPPROVED
çirkin,UNATTRACTIVE
yetkisiz,UNAUTHORIZED
kullanılamaz,UNAVAILABILITY
kullanılamaz,UNAVAILABLE
kaçınılmaz,UNAVOIDABLE
kaçınılmaz,UNAVOIDABLY
habersiz,UNAWARE
temerrüt,UNCOLLECTABLE
toplanmamış,UNCOLLECTED
temerrüt,UNCOLLECTIBILITY
temerrüt,UNCOLLECTIBLE
temerrüt,UNCOLLECTIBLES
rekabetsiz,UNCOMPETITIVE
eksik,UNCOMPLETED
ölçüsüz,UNCONSCIONABLE
aykırı,UNCONSCIONABLY
kontrolsüz,UNCONTROLLABLE
kontrolsüz,UNCONTROLLABLY
kontrolsüz,UNCONTROLLED
düzeltilmemiş,UNCORRECTED
ortaya,UNCOVER
ortaya,UNCOVERED
ortaya,UNCOVERING
ortaya,UNCOVERS
,UNDELIVERABLE
,UNDELIVERED
,UNDERCAPITALIZED
baltala,UNDERCUT
baltala,UNDERCUTS
baltala,UNDERCUTTING
az,UNDERESTIMATE
az,UNDERESTIMATED
az,UNDERESTIMATES
az,UNDERESTIMATING
az,UNDERESTIMATION
,UNDERFUNDED
,UNDERINSURED
küçümse,UNDERMINE
küçümse,UNDERMINED
küçümse,UNDERMINES
küçümse,UNDERMINING
yetersiz,UNDERPAID
yetersiz,UNDERPAYMENT
yetersiz,UNDERPAYMENTS
yetersiz,UNDERPAYS
yetersiz,UNDERPERFORM
yetersiz,UNDERPERFORMANCE
yetersiz,UNDERPERFORMED
yetersiz,UNDERPERFORMING
yetersiz,UNDERPERFORMS
yetersiz,UNDERPRODUCED
yetersiz,UNDERPRODUCTION
eksik,UNDERREPORTING
azımsa,UNDERSTATE
azımsa,UNDERSTATED
tefrit,UNDERSTATEMENT
azımsa,UNDERSTATEMENTS
azımsa,UNDERSTATES
azımsa,UNDERSTATING
yetersiz,UNDERUTILIZATION
yetersiz,UNDERUTILIZED
istenmeyen,UNDESIRABLE
istenmeyen,UNDESIRED
kayıtsız,UNDETECTED
belirsiz,UNDETERMINED
gizli,UNDISCLOSED
kayıtsız,UNDOCUMENTED
yersiz,UNDUE
haksız,UNDULY
hesapsız,UNECONOMIC
hesapsız,UNECONOMICAL
hesapsız,UNECONOMICALLY
işsiz,UNEMPLOYED
işsiz,UNEMPLOYMENT
aykırı,UNETHICAL
aykırı,UNETHICALLY
mazeretsiz,UNEXCUSED
beklenmeyen,UNEXPECTED
beklenmedik,UNEXPECTEDLY
haksız,UNFAIR
haksız,UNFAIRLY
,UNFAVORABILITY
elverişsiz,UNFAVORABLE
elverişsiz,UNFAVORABLY
elverişsiz,UNFAVOURABLE
olanaksız,UNFEASIBLE
elverişsiz,UNFIT
elverişsiz,UNFITNESS
öngörülemez,UNFORESEEABLE
öngörülmeyen,UNFORESEEN
öngörülmeyen,UNFORSEEN
talihsiz,UNFORTUNATE
maalesef,UNFORTUNATELY
asılsız,UNFOUNDED
hasmane,UNFRIENDLY
ödenmemiş,UNFULFILLED
ödeneksiz,UNFUNDED
sigortasız,UNINSURED
istenmeyen,UNINTENDED
istemsiz,UNINTENTIONAL
istemsiz,UNINTENTIONALLY
haksız,UNJUST
haksız,UNJUSTIFIABLE
haksız,UNJUSTIFIABLY
haksız,UNJUSTIFIED
haksız,UNJUSTLY
habersiz,UNKNOWING
bilmeden,UNKNOWINGLY
yasadışı,UNLAWFUL
aykırı,UNLAWFULLY
lisanssız,UNLICENSED
,UNLIQUIDATED
pazarlanamaz,UNMARKETABLE
pazarlanamaz,UNMERCHANTABLE
mesnetsiz,UNMERITORIOUS
gereksiz,UNNECESSARILY
gereksiz,UNNECESSARY
gereksiz,UNNEEDED
sağlanamaz,UNOBTAINABLE
boş,UNOCCUPIED
ödenmeyen,UNPAID
getirilmemiş,UNPERFORMED
planlanmamış,UNPLANNED
sevilmeyen,UNPOPULAR
değişken,UNPREDICTABILITY
değişken,UNPREDICTABLE
değişken,UNPREDICTABLY
öngörülemeyen,UNPREDICTED
verimsiz,UNPRODUCTIVE
karsız,UNPROFITABILITY
karsız,UNPROFITABLE
yetkisiz,UNQUALIFIED
hayali,UNREALISTIC
mantıksız,UNREASONABLE
saçma,UNREASONABLENESS
mantıksız,UNREASONABLY
kavramayan,UNRECEPTIVE
gayrikabil,UNRECOVERABLE
gayrikabil,UNRECOVERED
ödenmemiş,UNREIMBURSED
güvenilmez,UNRELIABLE
düzeltilmemiş,UNREMEDIED
bildirilmemiş,UNREPORTED
çözülmeyen,UNRESOLVED
kargaşa,UNREST
güvensiz,UNSAFE
satılama,UNSALABLE
satılama,UNSALEABLE
yetersiz,UNSATISFACTORY
tatminsiz,UNSATISFIED
tatsız,UNSAVORY
planlanmamış,UNSCHEDULED
satılamaz,UNSELLABLE
satılmayan,UNSOLD
sakat,UNSOUND
istikrarsız,UNSTABILIZED
kararsız,UNSTABLE
temelsiz,UNSUBSTANTIATED
başarısız,UNSUCCESSFUL
başarısız,UNSUCCESSFULLY
uygunsuz,UNSUITABILITY
uygunsuz,UNSUITABLE
uygunsuz,UNSUITABLY
elverişsiz,UNSUITED
şüpehli,UNSURE
umulmadık,UNSUSPECTED
umulmadık,UNSUSPECTING
sürdürülemez,UNSUSTAINABLE
savunulmaz,UNTENABLE
zamansız,UNTIMELY
güvenilmeyen,UNTRUSTED
yalan,UNTRUTH
asılsız,UNTRUTHFUL
asılsız,UNTRUTHFULLY
asılsız,UNTRUTHFULNESS
asılsız,UNTRUTHS
kullanılamaz,UNUSABLE
istenmeyen,UNWANTED
yersiz,UNWARRANTED
yersiz,UNWELCOME
isteksiz,UNWILLING
isteksiz,UNWILLINGNESS
karıştır,UPSET
aciliyet,URGENCY
acil,URGENT
tefeci,USURIOUS
gasp,USURP
gasp,USURPED
gasp,USURPING
gasp,USURPS
tefeci,USURY
vandal,VANDALISM
hüküm,VERDICT
hüküm,VERDICTS
veto,VETOED
mağdur,VICTIMS
ihlal,VIOLATE
ihlal,VIOLATED
ihlal,VIOLATES
ihlal,VIOLATING
ihlal,VIOLATION
ihlal,VIOLATIONS
ihlal,VIOLATIVE
ihlal,VIOLATOR
ihlal,VIOLATORS
şiddet,VIOLENCE
cebir,VIOLENT
cebren,VIOLENTLY
kirlet,VITIATE
kirlet,VITIATED
kirlet,VITIATES
kirlet,VITIATING
kirlet,VITIATION
mülga,VOIDED
ilga,VOIDING
dalgalan,VOLATILE
dalgalan,VOLATILITY
zayıf,VULNERABILITIES
zayıf,VULNERABILITY
zayıf,VULNERABLE
savunmasız,VULNERABLY
uyarı,WARN
uyarı,WARNED
uyarı,WARNING
uyarı,WARNINGS
uyarı,WARNS
ziyan,WASTED
israf,WASTEFUL
müsrif,WASTING
zayıf,WEAK
zayıf,WEAKEN
zayıf,WEAKENED
zayıf,WEAKENING
zayıf,WEAKENS
zayıf,WEAKER
zayıf,WEAKEST
zayıf,WEAKLY
zayıf,WEAKNESS
zayıf,WEAKNESSES
kasten,WILLFULLY
endişe,WORRIES
endişe,WORRY
endişe,WORRYING
kötü,WORSE
kötü,WORSEN
kötü,WORSENED
kötü,WORSENING
kötü,WORSENS
kötü,WORST
kıymetsiz,WORTHLESS
amortisman,WRITEDOWN
amortisman,WRITEDOWNS
zarar,WRITEOFF
zarar,WRITEOFFS
yanlış,WRONG
yanlış,WRONGDOING
yanlış,WRONGDOINGS
yanlış,WRONGFUL
yanlış,WRONGFULLY
yanlış,WRONGLY
